sample	CHROM	consensus_type	START	END	n_targets	n_callers	callers	target_names	GFT_genes	Classification	Total score	Known or predicted dosage-sensitive genes	All protein coding genes	SVLEN
BR-1846PMS2	11	DUP	67483159	67483257	2	2	gatk_gcnv;panelcnmops	AIP:11:67483159-67483257:exon3;AIP:11:67483182-67483257:exon1	AIP	Uncertain significance	0		AIP	98
BR-1846PMS2	17	DEL	68522756	68522926	2	4	exomedepth;gatk_gcnv;panelcnmops;xhmm	PRKAR1A:17:68522756-68522774:exon3;PRKAR1A:17:68522756-68522926:exon4	PRKAR1A	Uncertain significance	0.15	PRKAR1A	PRKAR1A	170
BR-1846PMS2	19	DUP	33301341	33302414	1	4	exomedepth;panelcnmops;xhmm;gatk_gcnv	CEBPA:19:33301341-33302414:exon1	CEBPA	Uncertain significance	0		CEBPA	1073
BR-1846PMS2	19	DEL	45419098	45419197	2	2	gatk_gcnv;panelcnmops	ERCC1:19:45419098-45419186:exon1;ERCC1:19:45419098-45419197:exon5	ERCC1	Uncertain significance	0		ERCC1	99
BR-1846PMS2	8	DEL	89982722	89982855	1	3	exomedepth;panelcnmops;gatk_gcnv	NBN:8:89982722-89982855:exon2	NBN	Likely pathogenic	0.9	NBN	NBN	133
BR-2050	1	DUP	154275078	154275260	3	3	exomedepth;gatk_gcnv;panelcnmops	HAX1:1:154275078-154275260:exon5;HAX1:1:154275154-154275234:exon5;HAX1:1:154275154-154275260:exon6	HAX1	Uncertain significance	0	NA	HAX1	182
BR-2050	10	DUP	14926843	14926897	1	3	exomedepth;panelcnmops;gatk_gcnv	DCLRE1C:10:14926843-14926897:exon11	DCLRE1C	Uncertain significance	0	NA	DCLRE1C	54
BR-2050	10	DUP	86917134	86917326	1	2	panelcnmops;gatk_gcnv	BMPR1A:10:86917134-86917326:exon9	BMPR1A	Uncertain significance	0	NA	BMPR1A	192
BR-2050	5	DEL	60645492	60645619	1	4	exomedepth;panelcnmops;xhmm;gatk_gcnv	DEPDC1B:5:60645492-60645619:exon4	DEPDC1B	Uncertain significance	0	NA	DEPDC1B	127
BR-2050	8	DEL	99823832	99823978	1	4	exomedepth;panelcnmops;xhmm;gatk_gcnv	VPS13B:8:99823832-99823978:exon51	VPS13B	Uncertain significance	0	NA	VPS13B	146
BR-2048	1	DEL	17044761	17044888	2	2	gatk_gcnv;panelcnmops	SDHB:1:17044761-17044789:exon2;SDHB:1:17044761-17044888:exon2	SDHB	Likely pathogenic	0.9	SDHB	SDHB	127
BR-2048	14	DUP	95099780	95099935	1	4	panelcnmops;xhmm;jabcontool;gatk_gcnv	DICER1:14:95099780-95099935:exon25	DICER1	Uncertain significance	0		DICER1	155
BR-2048	15	DEL	40729505	40729634	1	3	panelcnmops;xhmm;gatk_gcnv	RAD51:15:40729505-40729634:exon8	RAD51	Uncertain significance	0		RAD51	129
BR-2048	19	DEL	1226454	1226644	1	2	panelcnmops;gatk_gcnv	STK11:19:1226454-1226644:exon11	STK11	Likely pathogenic	0.9	STK11	STK11	190
BR-2048	19	DUP	11111514	11111639	1	3	panelcnmops;xhmm;gatk_gcnv	LDLR:19:11111514-11111639:exon8	LDLR	Uncertain significance	0		LDLR	125
BR-2048	6	DUP	43587272	43587489	2	2	gatk_gcnv;panelcnmops	POLH:6:43587272-43587400:exon3;POLH:6:43587272-43587489:exon4	POLH	Uncertain significance	0		POLH	217